id,last_name,first_name,middle_name,phone,email
1,Иванов,Сергей,Александрович,+7 (912) 345-67-89,ivanov-sergei@yandex.ru
2,Смирнова,Ольга,Викторовна,+7 (903) 123-45-67,smirnova-olga@mail.ru
3,Петров,Дмитрий,Сергеевич,+7 (921) 987-65-43,petrov-dmitry@gmail.ru
4,Кузнецова,Анна,Михайловна,+7 (962) 567-89-01,kuznetsova-anna@rambler.ru
5,Попов,Алексей,Николаевич,+7 (953) 234-56-78,popov-alexey@list.ru
6,Лебедева,Екатерина,Дмитриевна,+7 (931) 876-54-32,lebedeva-katerina@bk.ru
7,Волков,Михаил,Юрьевич,+7 (942) 789-01-23,volkov-mikhail@inbox.ru
8,Ковалёва,Татьяна,Алексеевна,+7 (973) 456-78-90,kovaleva-tatyana@tut.by
9,Морозов,Андрей,Владимирович,+7 (981) 345-67-89,morozov-andrey@mymail.ru
10,Иванова,Наталья,Сергеевна,+7 (992) 123-45-67,ivanova-natalya@protonmail.ru
11,Фёдоров,Павел,Олегович,+7 (913) 987-65-43,fedorov-pavel@zoho.ru
12,Сидорова,Юлия,Александровна,+7 (901) 567-89-01,sidorova-yuliya@me.ru
13,Голубев,Максим,Денисович,+7 (923) 234-56-78,golubev-maxim@outlook.ru
14,Романова,Елена,Владимировна,+7 (961) 876-54-32,romanova-elena@aol.ru
15,Белов,Игорь,Анатольевич,+7 (951) 789-01-23,belov-igor@icloud.ru
16,Васильева,Виктория,Игоревна,+7 (932) 456-78-90,vasileva-viktoria@gmx.ru
17,Соколов,Роман,Алексеевич,+7 (941) 345-67-89,sokolov-roman@fastmail.ru
18,Новикова,Мария,Павловна,+7 (971) 123-45-67,novikova-mariya@yandex.ru
19,Зайцев,Евгений,Михайлович,+7 (982) 987-65-43,zaytsev-evgeny@mail.ru
20,Орлова,Дарья,Николаевна,+7 (991) 567-89-01,orlova-darya@rambler.ru
